{
  "CA_CB_dict": {
    "ALA": 1.5229949487424301,
    "ARG": 1.5296291663068973,
    "ASN": 1.5299939860162228,
    "ASP": 1.5308986336456953,
    "CYS": 1.530736050649997,
    "GLN": 1.52958187087099,
    "GLU": 1.5300639189037502,
    "GLY": 1.5303858990463801,
    "HIS": 1.5284596255806382,
    "ILE": 1.5428888049244962,
    "LEU": 1.5296896067498136,
    "LYS": 1.529967966818651,
    "MET": 1.530100675811847,
    "PHE": 1.5310755933073947,
    "PRO": 1.5317474156662505,
    "SER": 1.529180988946289,
    "THR": 1.5387943032788376,
    "TRP": 1.52800901494115,
    "TYR": 1.530970220641329,
    "VAL": 1.5449785931440214
  },
  "N_C_CA_dict": {
    "ALA": 111.05193497559955,
    "ARG": 110.97239180333239,
    "ASN": 111.67683110339297,
    "ASP": 111.11153361168688,
    "CYS": 111.31445228654302,
    "GLN": 111.17575906728776,
    "GLU": 111.35024630740978,
    "GLY": 113.06730411917485,
    "HIS": 111.5157482988281,
    "ILE": 109.99559283081845,
    "LEU": 111.14182522087084,
    "LYS": 110.98674518103536,
    "MET": 111.26823482721807,
    "PHE": 110.88835097701711,
    "PRO": 112.50920234985892,
    "SER": 111.3503603963423,
    "THR": 110.77787936836408,
    "TRP": 110.88460445837858,
    "TYR": 111.19550218007588,
    "VAL": 109.87017453195196
  },
  "N_C_CA_CB_dict": {
    "ALA": 122.57147601627096,
    "ARG": 122.67614034948413,
    "ASN": 123.134767141362,
    "ASP": 122.801565041441,
    "CYS": 122.87676956591064,
    "GLN": 122.73036375367431,
    "GLU": 122.76205697436622,
    "GLY": 88.41537334706707,
    "HIS": 122.94892380339445,
    "ILE": 123.1912442797589,
    "LEU": 122.62234452518541,
    "LYS": 122.44366433468542,
    "MET": 122.55622315221335,
    "PHE": 122.23390854062134,
    "PRO": 114.88783761918542,
    "SER": 122.68318722888809,
    "THR": 123.06946254109447,
    "TRP": 122.37379034495062,
    "TYR": 122.85752364022743,
    "VAL": 123.25445026170384
  },
  "ideal_bond_lengths": {
    "CYS0": 1.8068619205683647,
    "ASP0": 1.5194907041505683,
    "ASP1": 1.2502291789907956,
    "GLU0": 1.5221924976822099,
    "GLU1": 1.5201394672858164,
    "GLU2": 1.2509484401719715,
    "PHE0": 1.5015465360375804,
    "PHE1": 1.3892793084790047,
    "HIS0": 1.496157745693951,
    "HIS1": 1.3782405449876438,
    "ILE0": 1.5320463439465521,
    "ILE1": 1.5182447101834402,
    "LYS0": 1.5229329999999992,
    "LYS1": 1.5232831319224043,
    "LYS2": 1.5231813742446005,
    "LYS3": 1.4904001140612129,
    "LEU0": 1.5311567522628107,
    "LEU1": 1.5216745709619726,
    "MET0": 1.5212282859444644,
    "MET1": 1.802964222707249,
    "MET2": 1.7904041443008918,
    "ASN0": 1.516843762488112,
    "ASN1": 1.2316202742499787,
    "PRO0": 1.4921977070184491,
    "PRO1": 1.5022982385794066,
    "GLN0": 1.5225261902509244,
    "GLN1": 1.5186770558614548,
    "GLN2": 1.2325895504992754,
    "ARG0": 1.5212787384302737,
    "ARG1": 1.520708387561535,
    "ARG2": 1.4609017763012007,
    "ARG3": 1.3309598040511965,
    "SER0": 1.4164270189450208,
    "THR0": 1.432547206895428,
    "VAL0": 1.5254782856533866,
    "TRP0": 1.4972499791078393,
    "TRP1": 1.367224378066416,
    "TYR0": 1.5106659127275783,
    "TYR1": 1.393496681015065
  },
  "ideal_bond_angles": {
    "CYS0": 114.10500462076027,
    "ASP0": 112.85685624254735,
    "ASP1": 119.1507352422925,
    "GLU0": 113.96078334345292,
    "GLU1": 113.0435511208735,
    "GLU2": 118.76148128764504,
    "PHE0": 113.77688010321171,
    "PHE1": 120.63629087745633,
    "HIS0": 113.64114373541332,
    "HIS1": 122.6586520076277,
    "ILE0": 110.2657080756951,
    "ILE1": 114.02322915667533,
    "LYS0": 114.28140768715659,
    "LYS1": 111.39855283582256,
    "LYS2": 111.58207916049341,
    "LYS3": 111.96361499999982,
    "LEU0": 116.31878096038612,
    "LEU1": 110.30575977079985,
    "MET0": 114.10203562156144,
    "MET1": 112.67180599999955,
    "MET2": 100.94263715125385,
    "ASN0": 112.67320537736268,
    "ASN1": 120.9324938215577,
    "PRO0": 104.43394978200806,
    "PRO1": 105.3432380694509,
    "GLN0": 113.93820589954385,
    "GLN1": 112.70585229311365,
    "GLN2": 120.94329828638925,
    "ARG0": 113.9381568354413,
    "ARG1": 111.54148020967246,
    "ARG2": 111.74577030326309,
    "ARG3": 124.59999999999962,
    "SER0": 110.91684387996088,
    "THR0": 109.3691304992237,
    "VAL0": 110.68168880896653,
    "TRP0": 114.4184483194579,
    "TRP1": 127.02061549594379,
    "TYR0": 113.66159652711846,
    "TYR1": 120.88455707765715
  },
  "aa_symbols": {
    "ALA": "A",
    "ARG": "R",
    "ASN": "N",
    "ASP": "D",
    "CYS": "C",
    "GLN": "Q",
    "GLU": "E",
    "GLY": "G",
    "HIS": "H",
    "ILE": "I",
    "LEU": "L",
    "LYS": "K",
    "MET": "M",
    "PHE": "F",
    "PRO": "P",
    "SER": "S",
    "THR": "T",
    "TRP": "W",
    "TYR": "Y",
    "VAL": "V",
    "PYL": "O",
    "SEC": "U",
    "A": "ALA",
    "R": "ARG",
    "N": "ASN",
    "D": "ASP",
    "C": "CYS",
    "Q": "GLN",
    "E": "GLU",
    "G": "GLY",
    "H": "HIS",
    "I": "ILE",
    "L": "LEU",
    "K": "LYS",
    "M": "MET",
    "F": "PHE",
    "P": "PRO",
    "S": "SER",
    "T": "THR",
    "W": "TRP",
    "Y": "TYR",
    "V": "VAL",
    "O": "PYL",
    "U": "SEC"
  },
  "chi_atoms": {
    "chi1": {
      "ARG": [
        "N",
        "CA",
        "CB",
        "CG"
      ],
      "ASN": [
        "N",
        "CA",
        "CB",
        "CG"
      ],
      "ASP": [
        "N",
        "CA",
        "CB",
        "CG"
      ],
      "CYS": [
        "N",
        "CA",
        "CB",
        "SG"
      ],
      "GLN": [
        "N",
        "CA",
        "CB",
        "CG"
      ],
      "GLU": [
        "N",
        "CA",
        "CB",
        "CG"
      ],
      "HIS": [
        "N",
        "CA",
        "CB",
        "CG"
      ],
      "ILE": [
        "N",
        "CA",
        "CB",
        "CG1"
      ],
      "LEU": [
        "N",
        "CA",
        "CB",
        "CG"
      ],
      "LYS": [
        "N",
        "CA",
        "CB",
        "CG"
      ],
      "MET": [
        "N",
        "CA",
        "CB",
        "CG"
      ],
      "PHE": [
        "N",
        "CA",
        "CB",
        "CG"
      ],
      "PRO": [
        "N",
        "CA",
        "CB",
        "CG"
      ],
      "SER": [
        "N",
        "CA",
        "CB",
        "OG"
      ],
      "THR": [
        "N",
        "CA",
        "CB",
        "OG1"
      ],
      "TRP": [
        "N",
        "CA",
        "CB",
        "CG"
      ],
      "TYR": [
        "N",
        "CA",
        "CB",
        "CG"
      ],
      "VAL": [
        "N",
        "CA",
        "CB",
        "CG1"
      ]
    },
    "chi2": {
      "ARG": [
        "CA",
        "CB",
        "CG",
        "CD"
      ],
      "ASN": [
        "CA",
        "CB",
        "CG",
        "OD1"
      ],
      "ASP": [
        "CA",
        "CB",
        "CG",
        "OD1"
      ],
      "GLN": [
        "CA",
        "CB",
        "CG",
        "CD"
      ],
      "GLU": [
        "CA",
        "CB",
        "CG",
        "CD"
      ],
      "HIS": [
        "CA",
        "CB",
        "CG",
        "ND1"
      ],
      "ILE": [
        "CA",
        "CB",
        "CG1",
        "CD1"
      ],
      "LEU": [
        "CA",
        "CB",
        "CG",
        "CD1"
      ],
      "LYS": [
        "CA",
        "CB",
        "CG",
        "CD"
      ],
      "MET": [
        "CA",
        "CB",
        "CG",
        "SD"
      ],
      "PHE": [
        "CA",
        "CB",
        "CG",
        "CD1"
      ],
      "PRO": [
        "CA",
        "CB",
        "CG",
        "CD"
      ],
      "TRP": [
        "CA",
        "CB",
        "CG",
        "CD1"
      ],
      "TYR": [
        "CA",
        "CB",
        "CG",
        "CD1"
      ]
    },
    "chi3": {
      "ARG": [
        "CB",
        "CG",
        "CD",
        "NE"
      ],
      "GLN": [
        "CB",
        "CG",
        "CD",
        "OE1"
      ],